{"cameraMode":{"drawMode":0,"name":"Shaded","section":"Shading Mode"},"sceneLighting":true,"audioPlay":false,"sceneViewState":{"m_AlwaysRefresh":false,"showFog":true,"showSkybox":true,"showFlares":true,"showImageEffects":true,"showParticleSystems":true,"showVisualEffectGraphs":true,"m_FxEnabled":true},"in2DMode":false,"pivot":{"x":-13.590378761291504,"y":-15.279548645019532,"z":23.43613624572754},"rotation":{"x":0.541942834854126,"y":0.024455208331346513,"z":-0.01578679122030735,"w":0.8399299383163452},"size":34.676185607910159,"orthographic":false}